1|A History of Hats|0-651-65165-4|0
2|Guide to Impossible Buildings|82-234-5475-0|0
3|First Flights in Witchcraft|5-9672-6521-X|0
4|Habits of the Wolves|91-33-65168-X|0
5|Sieges and Survival|0-651-65165-4|0
5|VENI VIDI VICI: A Soldier's Life|84-15978-99-5|0
12|A Brief History of Time|0-553-05340-X|1988
12|The Universe in a Nutshell|0-553-80202-3|2001
12|A Briefer History of Time|0-553-80436-7|2005
16|A Briefer History of Time|0-553-80436-7|2005
12|The Grand Design|0-553-80537-1|2010
16|The Grand Design|0-553-80537-1|2010
6|The Hitchhiker's Guide to the Galaxy|0-345-39180-3|1979
6|The Restaurant at the End of the Universe|0-345-39181-0|1980 
6|Life, The Universe and Everything|0-345-39182-9|1982
6|So Long, and Thanks for all the Fish|0-345-39183-7|1984
9|The Complete Monty Python's Flying Circus; All the Words, Volume 1|0-679-72647-0|1989
10|The Complete Monty Python's Flying Circus; All the Words, Volume 1|0-679-72647-0|1989
11|The Complete Monty Python's Flying Circus; All the Words, Volume 1|0-679-72647-0|1989
13|The Complete Monty Python's Flying Circus; All the Words, Volume 1|0-679-72647-0|1989
14|The Complete Monty Python's Flying Circus; All the Words, Volume 1|0-679-72647-0|1989
18|The Complete Monty Python's Flying Circus; All the Words, Volume 1|0-679-72647-0|1989
9|The Complete Monty Python's Flying Circus; All the Words, Volume 2|0-679-72648-9|1989
10|The Complete Monty Python's Flying Circus; All the Words, Volume 2|0-679-72648-9|1989
11|The Complete Monty Python's Flying Circus; All the Words, Volume 2|0-679-72648-9|1989
13|The Complete Monty Python's Flying Circus; All the Words, Volume 2|0-679-72648-9|1989
14|The Complete Monty Python's Flying Circus; All the Words, Volume 2|0-679-72648-9|1989
18|The Complete Monty Python's Flying Circus; All the Words, Volume 2|0-679-72648-9|1989
8|Penguin Dreams and Stranger Things: Bloom County|0-316-10725-5|1985
8|Tales Too Ticklish to Tell: Bloom County|0-316-10735-2|1988
19|Calvin and Hobbes|0-836-22088-9|1987
19|Something Under the Bed is Drooling|0-836-21825-6|1988
19|Scientific Progress Goes 'Boink': A Calvin and Hobbes Collection|0-836-21878-7|1991
19|Attack of the Deranged Mutant Killer Monster Snow Goons|0-836-21883-3|1992
7|The Dilbert Principle|0-887-30858-9|1997
15|Thinking, Fast and Slow|0-374-27563-1|2011
17|Philosophiae Naturalis Principia Mathematica|1-536-88705-6|1687



